{
  "project": "ohlcv-optimizer-v1",
  "version": 1,
  "saved_at": "20251215_221021",
  "meta": {
    "ranking_metric": "median_pnl_per_position_test",
    "candidate_pool": "pareto",
    "global_top_k": 50
  },
  "strategies_skipped": {},
  "champion_global": {
    "strategy": "stochastic",
    "return_train_pct": 138.3414015671622,
    "dd_train_pct": 16.26259688942715,
    "return_test_pct": -2.8121251155828197,
    "dd_test_pct": 15.26323552662844,
    "sharpe_train": 2.4266278135369994,
    "sharpe_test": -0.12984087818211532,
    "median_pnl_per_position_train": 26.426502054081052,
    "median_pnl_per_position_test": 4.813866159419545,
    "avg_pnl_per_position_train": 72.35959287338862,
    "avg_pnl_per_position_test": 0.23249030327130715,
    "sharpe_pnl_per_position_train": 2.4479372078920316,
    "sharpe_pnl_per_position_test": 0.017952795565523663,
    "median_pnl_per_position_train_pct": 0.2642650205408105,
    "median_pnl_per_position_test_pct": 0.04813866159419545,
    "trades_train": 207,
    "trades_test": 120,
    "eligible": true,
    "trial": 617,
    "stoch_k_period": 34,
    "stoch_d_period": 8,
    "stoch_oversold": 26.50540476027567,
    "stoch_overbought": 92.19498719443125,
    "tp_mode": "rr",
    "tp_rr": 2.6218839787595214,
    "tp_mgmt": "partial_trailing",
    "sl_type": "pct",
    "sl_trailing": false,
    "exit_on_flat": false,
    "sl_pct": 8.984132310601861,
    "pm_mode": "grid",
    "martingale_multiplier": NaN,
    "martingale_max_steps": NaN,
    "tp_pct": NaN,
    "tp1_close_frac": 0.2126593053004509,
    "tp_trail_pct": 2.768656823000717,
    "grid_max_adds": 3.0,
    "grid_spacing_pct": 1.5430380072390426,
    "grid_size_multiplier": 2.629860403226459,
    "sl_atr_period": NaN,
    "sl_atr_mult": NaN,
    "rank_pre_wf": 1,
    "rank_post_wf": 1,
    "rank_delta": 0
  },
  "champions_by_strategy": {
    "stochastic": {
      "strategy": "stochastic",
      "return_train_pct": 138.3414015671622,
      "dd_train_pct": 16.26259688942715,
      "return_test_pct": -2.8121251155828197,
      "dd_test_pct": 15.26323552662844,
      "sharpe_train": 2.4266278135369994,
      "sharpe_test": -0.12984087818211532,
      "median_pnl_per_position_train": 26.426502054081052,
      "median_pnl_per_position_test": 4.813866159419545,
      "avg_pnl_per_position_train": 72.35959287338862,
      "avg_pnl_per_position_test": 0.23249030327130715,
      "sharpe_pnl_per_position_train": 2.4479372078920316,
      "sharpe_pnl_per_position_test": 0.017952795565523663,
      "median_pnl_per_position_train_pct": 0.2642650205408105,
      "median_pnl_per_position_test_pct": 0.04813866159419545,
      "trades_train": 207,
      "trades_test": 120,
      "eligible": true,
      "trial": 617,
      "stoch_k_period": 34,
      "stoch_d_period": 8,
      "stoch_oversold": 26.50540476027567,
      "stoch_overbought": 92.19498719443125,
      "tp_mode": "rr",
      "tp_rr": 2.6218839787595214,
      "tp_mgmt": "partial_trailing",
      "sl_type": "pct",
      "sl_trailing": false,
      "exit_on_flat": false,
      "sl_pct": 8.984132310601861,
      "pm_mode": "grid",
      "martingale_multiplier": NaN,
      "martingale_max_steps": NaN,
      "tp_pct": NaN,
      "tp1_close_frac": 0.2126593053004509,
      "tp_trail_pct": 2.768656823000717,
      "grid_max_adds": 3.0,
      "grid_spacing_pct": 1.5430380072390426,
      "grid_size_multiplier": 2.629860403226459,
      "sl_atr_period": NaN,
      "sl_atr_mult": NaN,
      "rank_pre_wf": 1,
      "rank_post_wf": 1,
      "rank_delta": 0
    }
  },
  "data": {
    "data_root": "C:\\Users\\Nahel\\Documents\\GitHub\\quantlab\\data\\market_data",
    "source": "binance_futures",
    "symbol": "BTC_USDC_USDC",
    "timeframe": "5m",
    "start_ms": 1704326400000,
    "end_ms": 1765756800000,
    "candles_total": 204495
  },
  "config": {
    "initial_equity": 10000.0,
    "fee_bps": 4.0,
    "slippage_bps": 0.5,
    "dd_threshold_pct": 40.0,
    "min_trades_train": 50,
    "min_trades_test": 50,
    "max_trials": 2000,
    "time_budget_seconds": null,
    "timeframe": "5m",
    "pm_mode": "auto",
    "strategies": [
      "stochastic"
    ],
    "pareto_candidates_max": 200,
    "candidate_pool": "pareto",
    "global_top_k": 50,
    "ranking_metric": "median_pnl_per_position_test",
    "train_frac": 0.75,
    "multiprocess": true,
    "workers": 8
  },
  "leaderboard": [
    {
      "strategy": "stochastic",
      "return_train_pct": 138.3414015671622,
      "dd_train_pct": 16.26259688942715,
      "return_test_pct": -2.8121251155828197,
      "dd_test_pct": 15.26323552662844,
      "sharpe_train": 2.4266278135369994,
      "sharpe_test": -0.12984087818211532,
      "median_pnl_per_position_train": 26.426502054081052,
      "median_pnl_per_position_test": 4.813866159419545,
      "avg_pnl_per_position_train": 72.35959287338862,
      "avg_pnl_per_position_test": 0.23249030327130715,
      "sharpe_pnl_per_position_train": 2.4479372078920316,
      "sharpe_pnl_per_position_test": 0.017952795565523663,
      "median_pnl_per_position_train_pct": 0.2642650205408105,
      "median_pnl_per_position_test_pct": 0.04813866159419545,
      "trades_train": 207,
      "trades_test": 120,
      "eligible": true,
      "trial": 617,
      "stoch_k_period": 34,
      "stoch_d_period": 8,
      "stoch_oversold": 26.50540476027567,
      "stoch_overbought": 92.19498719443125,
      "tp_mode": "rr",
      "tp_rr": 2.6218839787595214,
      "tp_mgmt": "partial_trailing",
      "sl_type": "pct",
      "sl_trailing": false,
      "exit_on_flat": false,
      "sl_pct": 8.984132310601861,
      "pm_mode": "grid",
      "martingale_multiplier": NaN,
      "martingale_max_steps": NaN,
      "tp_pct": NaN,
      "tp1_close_frac": 0.2126593053004509,
      "tp_trail_pct": 2.768656823000717,
      "grid_max_adds": 3.0,
      "grid_spacing_pct": 1.5430380072390426,
      "grid_size_multiplier": 2.629860403226459,
      "sl_atr_period": NaN,
      "sl_atr_mult": NaN,
      "rank_pre_wf": 1,
      "rank_post_wf": 1,
      "rank_delta": 0
    }
  ],
  "global_leaderboard": [
    {
      "strategy": "stochastic",
      "return_train_pct": 138.3414015671622,
      "dd_train_pct": 16.26259688942715,
      "return_test_pct": -2.8121251155828197,
      "dd_test_pct": 15.26323552662844,
      "sharpe_train": 2.4266278135369994,
      "sharpe_test": -0.12984087818211532,
      "median_pnl_per_position_train": 26.426502054081052,
      "median_pnl_per_position_test": 4.813866159419545,
      "avg_pnl_per_position_train": 72.35959287338862,
      "avg_pnl_per_position_test": 0.23249030327130715,
      "sharpe_pnl_per_position_train": 2.4479372078920316,
      "sharpe_pnl_per_position_test": 0.017952795565523663,
      "median_pnl_per_position_train_pct": 0.2642650205408105,
      "median_pnl_per_position_test_pct": 0.04813866159419545,
      "trades_train": 207,
      "trades_test": 120,
      "eligible": true,
      "trial": 617,
      "stoch_k_period": 34,
      "stoch_d_period": 8,
      "stoch_oversold": 26.50540476027567,
      "stoch_overbought": 92.19498719443125,
      "tp_mode": "rr",
      "tp_rr": 2.6218839787595214,
      "tp_mgmt": "partial_trailing",
      "sl_type": "pct",
      "sl_trailing": false,
      "exit_on_flat": false,
      "sl_pct": 8.984132310601861,
      "pm_mode": "grid",
      "martingale_multiplier": NaN,
      "martingale_max_steps": NaN,
      "tp_pct": NaN,
      "tp1_close_frac": 0.2126593053004509,
      "tp_trail_pct": 2.768656823000717,
      "grid_max_adds": 3.0,
      "grid_spacing_pct": 1.5430380072390426,
      "grid_size_multiplier": 2.629860403226459,
      "sl_atr_period": NaN,
      "sl_atr_mult": NaN,
      "rank_pre_wf": 1,
      "rank_post_wf": 1,
      "rank_delta": 0
    },
    {
      "strategy": "stochastic",
      "return_train_pct": 87.48195978550048,
      "dd_train_pct": 13.536140581968356,
      "return_test_pct": -6.358986398781852,
      "dd_test_pct": 12.341810805620971,