{
  "strategy": "ma_cross",
  "return_train_pct": -8.937900370597507,
  "dd_train_pct": 9.436061176943559,
  "return_test_pct": -1.1294320527875046,
  "dd_test_pct": 2.5041688276778324,
  "sharpe_train": -1.4110882418017605,
  "sharpe_test": -0.37417619414511843,
  "median_pnl_per_position_train": -2.7730213643743458,
  "median_pnl_per_position_test": -2.4710808209210535,
  "avg_pnl_per_position_train": 0.13985803711422082,
  "avg_pnl_per_position_test": 0.5645029231971345,
  "sharpe_pnl_per_position_train": 0.3256804640657756,
  "sharpe_pnl_per_position_test": 1.0426979142084483,
  "median_pnl_per_position_train_pct": -0.027730213643743458,
  "median_pnl_per_position_test_pct": -0.024710808209210535,
  "trades_train": 1364,
  "trades_test": 472,
  "eligible": true,
  "trial": 8,
  "fast_period": 27,
  "slow_period": 164,
  "tp_mode": "rr",
  "tp_rr": 3.790346064278179,
  "tp_mgmt": "partial_trailing",
  "tp1_close_frac": 0.25973902572668783,
  "tp_trail_pct": 2.5954604701473776,
  "sl_type": "pct",
  "sl_trailing": false,
  "exit_on_flat": true,
  "sl_pct": 9.659757127438137,
  "pm_mode": "none",
  "tp_pct": NaN,
  "martingale_multiplier": NaN,
  "martingale_max_steps": NaN,
  "rank_pre_wf": 1,
  "rank_post_wf": 1,
  "rank_delta": 0
}