{
  "project": "ohlcv-optimizer-v1",
  "version": 1,
  "saved_at": "20251215_162845",
  "meta": {
    "ranking_metric": "median_pnl_per_position_test",
    "candidate_pool": "pareto",
    "global_top_k": 50
  },
  "strategies_skipped": {
    "rsi_reversion": "no_study",
    "bollinger_breakout": "no_study",
    "range_breakout": "no_study",
    "stochastic": "no_study"
  },
  "champion_global": {
    "strategy": "ma_cross",
    "return_train_pct": -8.937900370597507,
    "dd_train_pct": 9.436061176943559,
    "return_test_pct": -1.1294320527875046,
    "dd_test_pct": 2.5041688276778324,
    "sharpe_train": -1.4110882418017605,
    "sharpe_test": -0.37417619414511843,
    "median_pnl_per_position_train": -2.7730213643743458,
    "median_pnl_per_position_test": -2.4710808209210535,
    "avg_pnl_per_position_train": 0.13985803711422082,
    "avg_pnl_per_position_test": 0.5645029231971345,
    "sharpe_pnl_per_position_train": 0.3256804640657756,
    "sharpe_pnl_per_position_test": 1.0426979142084483,
    "median_pnl_per_position_train_pct": -0.027730213643743458,
    "median_pnl_per_position_test_pct": -0.024710808209210535,
    "trades_train": 1364,
    "trades_test": 472,
    "eligible": true,
    "trial": 8,
    "fast_period": 27,
    "slow_period": 164,
    "tp_mode": "rr",
    "tp_rr": 3.790346064278179,
    "tp_mgmt": "partial_trailing",
    "tp1_close_frac": 0.25973902572668783,
    "tp_trail_pct": 2.5954604701473776,
    "sl_type": "pct",
    "sl_trailing": false,
    "exit_on_flat": true,
    "sl_pct": 9.659757127438137,
    "pm_mode": "none",
    "tp_pct": NaN,
    "martingale_multiplier": NaN,
    "martingale_max_steps": NaN,
    "rank_pre_wf": 1,
    "rank_post_wf": 1,
    "rank_delta": 0
  },
  "champions_by_strategy": {
    "ma_cross": {
      "strategy": "ma_cross",
      "return_train_pct": -8.937900370597507,
      "dd_train_pct": 9.436061176943559,
      "return_test_pct": -1.1294320527875046,
      "dd_test_pct": 2.5041688276778324,
      "sharpe_train": -1.4110882418017605,
      "sharpe_test": -0.37417619414511843,
      "median_pnl_per_position_train": -2.7730213643743458,
      "median_pnl_per_position_test": -2.4710808209210535,
      "avg_pnl_per_position_train": 0.13985803711422082,
      "avg_pnl_per_position_test": 0.5645029231971345,
      "sharpe_pnl_per_position_train": 0.3256804640657756,
      "sharpe_pnl_per_position_test": 1.0426979142084483,
      "median_pnl_per_position_train_pct": -0.027730213643743458,
      "median_pnl_per_position_test_pct": -0.024710808209210535,
      "trades_train": 1364,
      "trades_test": 472,
      "eligible": true,
      "trial": 8,
      "fast_period": 27,
      "slow_period": 164,
      "tp_mode": "rr",
      "tp_rr": 3.790346064278179,
      "tp_mgmt": "partial_trailing",
      "tp1_close_frac": 0.25973902572668783,
      "tp_trail_pct": 2.5954604701473776,
      "sl_type": "pct",
      "sl_trailing": false,
      "exit_on_flat": true,
      "sl_pct": 9.659757127438137,
      "pm_mode": "none",
      "tp_pct": NaN,
      "martingale_multiplier": NaN,
      "martingale_max_steps": NaN,
      "rank_pre_wf": 1,
      "rank_post_wf": 1,
      "rank_delta": 0
    }
  },
  "data": {
    "data_root": "C:\\Users\\Nahel\\Documents\\GitHub\\quantlab\\data\\market_data",
    "source": "binance_futures",
    "symbol": "BTC_USDC_USDC",
    "timeframe": "5m",
    "start_ms": null,
    "end_ms": null,
    "candles_total": 204495
  },
  "config": {
    "initial_equity": 10000.0,
    "fee_bps": 4.0,
    "slippage_bps": 0.5,
    "dd_threshold_pct": 25.0,
    "min_trades_train": 20,
    "min_trades_test": 0,
    "max_trials": 2000,
    "time_budget_seconds": null,
    "timeframe": "5m",
    "pm_mode": "auto",
    "strategies": [
      "ma_cross",
      "rsi_reversion",
      "bollinger_breakout",
      "range_breakout",
      "stochastic"
    ],
    "pareto_candidates_max": 80,
    "candidate_pool": "pareto",
    "global_top_k": 50,
    "ranking_metric": "median_pnl_per_position_test",
    "train_frac": 0.75,
    "multiprocess": true,
    "workers": 8
  },
  "leaderboard": [
    {
      "strategy": "ma_cross",
      "return_train_pct": -8.937900370597507,
      "dd_train_pct": 9.436061176943559,
      "return_test_pct": -1.1294320527875046,
      "dd_test_pct": 2.5041688276778324,
      "sharpe_train": -1.4110882418017605,
      "sharpe_test": -0.37417619414511843,
      "median_pnl_per_position_train": -2.7730213643743458,
      "median_pnl_per_position_test": -2.4710808209210535,
      "avg_pnl_per_position_train": 0.13985803711422082,
      "avg_pnl_per_position_test": 0.5645029231971345,
      "sharpe_pnl_per_position_train": 0.3256804640657756,
      "sharpe_pnl_per_position_test": 1.0426979142084483,
      "median_pnl_per_position_train_pct": -0.027730213643743458,
      "median_pnl_per_position_test_pct": -0.024710808209210535,
      "trades_train": 1364,
      "trades_test": 472,
      "eligible": true,
      "trial": 8,
      "fast_period": 27,
      "slow_period": 164,
      "tp_mode": "rr",
      "tp_rr": 3.790346064278179,
      "tp_mgmt": "partial_trailing",
      "tp1_close_frac": 0.25973902572668783,
      "tp_trail_pct": 2.5954604701473776,
      "sl_type": "pct",
      "sl_trailing": false,
      "exit_on_flat": true,
      "sl_pct": 9.659757127438137,
      "pm_mode": "none",
      "tp_pct": NaN,
      "martingale_multiplier": NaN,
      "martingale_max_steps": NaN,
      "rank_pre_wf": 1,
      "rank_post_wf": 1,
      "rank_delta": 0
    }
  ],
  "global_leaderboard": [
    {
      "strategy": "ma_cross",
      "return_train_pct": -8.937900370597507,
      "dd_train_pct": 9.436061176943559,
      "return_test_pct": -1.1294320527875046,
      "dd_test_pct": 2.5041688276778324,
      "sharpe_train": -1.4110882418017605,
      "sharpe_test": -0.37417619414511843,
      "median_pnl_per_position_train": -2.7730213643743458,
      "median_pnl_per_position_test": -2.4710808209210535,
      "avg_pnl_per_position_train": 0.13985803711422082,
      "avg_pnl_per_position_test": 0.5645029231971345,
      "sharpe_pnl_per_position_train": 0.3256804640657756,
      "sharpe_pnl_per_position_test": 1.0426979142084483,
      "median_pnl_per_position_train_pct": -0.027730213643743458,
      "median_pnl_per_position_test_pct": -0.024710808209210535,
      "trades_train": 1364,
      "trades_test": 472,
      "eligible": true,
      "trial": 8,
      "fast_period": 27,
      "slow_period": 164,
      "tp_mode": "rr",
      "tp_rr": 3.790346064278179,
      "tp_mgmt": "partial_trailing",
      "tp1_close_frac": 0.25973902572668783,
      "tp_trail_pct": 2.5954604701473776,
      "sl_type": "pct",
      "sl_trailing": false,
      "exit_on_flat": true,
      "sl_pct": 9.659757127438137,
      "pm_mode": "none",
      "tp_pct": NaN,
      "martingale_multiplier": NaN,
      "martingale_max_steps": NaN,
      "rank_pre_wf": 1,
      "rank_post_wf": 1,
      "rank_delta": 0
    },
    {
      "strategy": "ma_cross",
      "return_train_pct": -3.8825790200730848,
      "dd_train_pct": 32.633471226179225,
      "return_test_pct": 18.3966406997055,
      "dd_test_pct": 12.427304593485978,
      "sharpe_train": 0.1287735614817634,
      "sharpe_test": 0.9643815126938263,
      "median_pnl_per_position_train": -23.481985509396416,
      "median_pnl_per_position_test": -16.15030057858357,
      "avg_pnl_per_position_train": 5.030989607156696,
      "avg_pnl_per_position_test": 11.565123516887553,
      "sharpe_pnl_per_position_train": 1.105934158828949,
      "sharpe_pnl_per_position_test": 1.5298727718831808,
      "median_pnl_per_position_train_pct": -0.23481985509396416,
      "median_pnl_per_position_test_pct": -0.1615030057858357,
      "trades_train": 988,
      "trades_test": 294,
      "eligible": true,
      "trial": 6,
      "fast_period": 80,
      "slow_period": 174,
      "tp_mode": "pct",
      "tp_rr": NaN,
      "tp_mgmt": "full",
      "tp1_close_frac": NaN,
      "tp_trail_pct": NaN,