{
  "strategy": "range_breakout",
  "return_train_pct": 25.925384460576396,
  "dd_train_pct": 19.21689731837433,
  "return_test_pct": 27.345922885193197,
  "dd_test_pct": 15.470452928534586,
  "sharpe_train": 1.1634106198078162,
  "sharpe_test": 1.3046679269722032,
  "median_pnl_per_position_train": 175.8251832079615,
  "median_pnl_per_position_test": 137.9396147909668,
  "avg_pnl_per_position_train": 41.89353968368428,
  "avg_pnl_per_position_test": 51.58914205908197,
  "sharpe_pnl_per_position_train": 1.1622877325098497,
  "sharpe_pnl_per_position_test": 1.740087219377499,
  "median_pnl_per_position_train_pct": 1.7582518320796148,
  "median_pnl_per_position_test_pct": 1.379396147909668,
  "trades_train": 80,
  "trades_test": 62,
  "eligible": true,
  "trial": 79,
  "fast_period": NaN,
  "slow_period": NaN,
  "tp_mode": "rr",
  "tp_pct": NaN,
  "tp_mgmt": "partial_trailing",
  "sl_type": "pct",
  "sl_trailing": true,
  "exit_on_flat": false,
  "sl_pct": 4.514915813884734,
  "pm_mode": "grid",
  "tp_rr": 0.4231589055316856,
  "tp1_close_frac": 0.8427239207292757,
  "tp_trail_pct": 4.612425301398576,
  "grid_max_adds": 3.0,
  "grid_spacing_pct": 0.14857555163632752,
  "grid_size_multiplier": 2.2248684949524957,
  "martingale_multiplier": NaN,
  "martingale_max_steps": NaN,
  "sl_atr_period": NaN,
  "sl_atr_mult": NaN,
  "rsi_period": NaN,
  "rsi_low_th": NaN,
  "rsi_high_th": NaN,
  "bb_period": NaN,
  "bb_std": NaN,
  "range_lookback": 234.0,
  "range_buffer_pct": 0.41549019030289475,
  "stoch_k_period": NaN,
  "stoch_d_period": NaN,
  "stoch_oversold": NaN,
  "stoch_overbought": NaN,
  "rank_pre_wf": 1,
  "rank_post_wf": 1,
  "rank_delta": 0
}