{
  "strategy": "rsi_reversion",
  "return_train_pct": 0.20483557715669232,
  "dd_train_pct": 0.8812213577641342,
  "return_test_pct": 0.7209270807811974,
  "dd_test_pct": 0.6259448333060426,
  "trades_train": 1,
  "trades_test": 1,
  "eligible": true,
  "trial": 43,
  "seconds": 8.700247764587402,
  "rsi_period": 40,
  "rsi_low_th": 27.186462998636074,
  "rsi_high_th": 75.69160759452542,
  "tp_mode": "rr",
  "tp_rr": 3.2418774040649394,
  "tp_mgmt": "full",
  "sl_type": "pct",
  "sl_trailing": true,
  "exit_on_flat": false,
  "sl_pct": 6.659109175864379,
  "pm_mode": "martingale",
  "martingale_multiplier": 1.9507534362548093,
  "martingale_max_steps": 2
}