{
  "strategy": "stochastic",
  "return_train_pct": 3.3550166574910945,
  "dd_train_pct": 2.5105864963121918,
  "return_test_pct": 2.846539606462728,
  "dd_test_pct": 3.9961785038091646,
  "trades_train": 7,
  "trades_test": 2,
  "eligible": true,
  "trial": 84,
  "seconds": 8.026150465011597,
  "stoch_k_period": 7,
  "stoch_d_period": 14,
  "stoch_oversold": 15.837068792666482,
  "stoch_overbought": 77.58937379699901,
  "tp_mode": "pct",
  "tp_pct": 7.380346760170145,
  "tp_mgmt": "full",
  "sl_type": "atr",
  "sl_trailing": false,
  "exit_on_flat": false,
  "sl_atr_period": 16,
  "sl_atr_mult": 1.595453195907154,
  "pm_mode": "martingale",
  "martingale_multiplier": 3.243321155786143,
  "martingale_max_steps": 9
}