{
  "strategy": "ma_cross",
  "return_train_pct": 5.219216052909625,
  "dd_train_pct": 4.475744911624372,
  "return_test_pct": 2.5516220678264645,
  "dd_test_pct": 3.9306234167327028,
  "tested": true,
  "sharpe_train": 0.610395114442353,
  "sharpe_test": 0.5489611588904727,
  "median_pnl_per_position_train": -16.1430225574561,
  "median_pnl_per_position_test": -10.623176980397638,
  "avg_pnl_per_position_train": 9.621442996153208,
  "avg_pnl_per_position_test": 12.657914849647154,
  "sharpe_pnl_per_position_train": 1.0246642140561173,
  "sharpe_pnl_per_position_test": 0.7781610071168775,
  "median_pnl_per_position_train_pct": -0.161430225574561,
  "median_pnl_per_position_test_pct": -0.10623176980397638,
  "trades_train": 92,
  "trades_test": 24,
  "eligible": true,
  "trial": 154,
  "fast_period": 75,
  "slow_period": 117,
  "tp_mode": "rr",
  "tp_rr": 5.104394634135773,
  "tp_mgmt": "full",
  "tp1_close_frac": NaN,
  "tp_trail_pct": NaN,
  "sl_type": "pct",
  "sl_trailing": false,
  "exit_on_flat": false,
  "sl_pct": 2.9233644227154123,
  "pm_mode": "martingale",
  "grid_max_adds": NaN,
  "grid_spacing_pct": NaN,
  "grid_size_multiplier": NaN,
  "tp_pct": NaN,
  "martingale_multiplier": 1.1859931708432725,
  "martingale_max_steps": 8.0,
  "rank_pre_wf": 6,
  "rank_post_wf": 1,
  "rank_delta": -5
}