{
  "strategy": "ma_cross",
  "return_train_pct": 2.6381118041509444,
  "dd_train_pct": 2.166183396781273,
  "return_test_pct": 0.032758523140064,
  "dd_test_pct": 0.8600046696538322,
  "trades_train": 22,
  "trades_test": 10,
  "eligible": true,
  "trial": 111,
  "seconds": 15.59436845779419,
  "fast_period": 70,
  "slow_period": 197,
  "tp_mode": "pct",
  "tp_pct": 1.6813625753671233,
  "tp_mgmt": "partial_trailing",
  "tp1_close_frac": 0.3076276521516437,
  "tp_trail_pct": 2.1956343229817765,
  "sl_type": "pct",
  "sl_trailing": true,
  "exit_on_flat": true,
  "sl_pct": 4.451234038802532,
  "pm_mode": "grid",
  "grid_max_adds": 7,
  "grid_spacing_pct": 0.8803668401499103,
  "grid_size_multiplier": 2.237121540149568
}