{
  "strategy": "rsi_reversion",
  "return_train_pct": 5.394403747224663,
  "dd_train_pct": 0.19832479605432587,
  "return_test_pct": 0.14164777193306222,
  "dd_test_pct": 3.537442624240905,
  "sharpe_train": 3.2324163708892124,
  "sharpe_test": 0.07149113291148967,
  "median_pnl_per_position_train": 50.473477335195795,
  "median_pnl_per_position_test": 40.90507964235443,
  "avg_pnl_per_position_train": 51.658105559609936,
  "avg_pnl_per_position_test": 9.065964113136529,
  "sharpe_pnl_per_position_train": 11.108577004136011,
  "sharpe_pnl_per_position_test": 0.3844879106069612,
  "median_pnl_per_position_train_pct": 0.504734773351958,
  "median_pnl_per_position_test_pct": 0.40905079642354436,
  "trades_train": 12,
  "trades_test": 12,
  "eligible": true,
  "trial": 447,
  "fast_period": NaN,
  "slow_period": NaN,
  "tp_mode": "rr",
  "tp_pct": NaN,
  "tp_mgmt": "full",
  "tp1_close_frac": NaN,
  "tp_trail_pct": NaN,
  "sl_type": "atr",
  "sl_trailing": false,
  "exit_on_flat": false,
  "sl_pct": NaN,
  "pm_mode": "grid",
  "tp_rr": 0.5019566305729979,
  "martingale_multiplier": NaN,
  "martingale_max_steps": NaN,
  "rsi_period": 35.0,
  "rsi_low_th": 21.76936946289403,
  "rsi_high_th": 84.39203712408185,
  "grid_max_adds": 3.0,
  "grid_spacing_pct": 0.47183977805878674,
  "grid_size_multiplier": 2.2131969678463204,
  "sl_atr_period": 23.0,
  "sl_atr_mult": 3.2160462393971967,
  "rank_pre_wf": 3,
  "rank_post_wf": 1,
  "rank_delta": -2
}