strategy,return_train_pct,dd_train_pct,return_test_pct,dd_test_pct,sharpe_train,sharpe_test,median_pnl_per_position_train,median_pnl_per_position_test,avg_pnl_per_position_train,avg_pnl_per_position_test,sharpe_pnl_per_position_train,sharpe_pnl_per_position_test,median_pnl_per_position_train_pct,median_pnl_per_position_test_pct,trades_train,trades_test,eligible,trial,fast_period,slow_period,tp_mode,tp_pct,tp_mgmt,tp1_close_frac,tp_trail_pct,sl_type,sl_trailing,exit_on_flat,sl_pct,pm_mode,tp_rr,martingale_multiplier,martingale_max_steps,rsi_period,rsi_low_th,rsi_high_th,grid_max_adds,grid_spacing_pct,grid_size_multiplier,sl_atr_period,sl_atr_mult,rank_pre_wf,rank_post_wf,rank_delta
ma_cross,-0.2793678787905818,2.8253231109164094,-1.353558615849726,3.529468109341617,-0.04873293388185697,-0.36987910635939647,-2.7320993786985035,-2.2619477172286926,0.7822025913696643,0.5761905899103716,1.1340780749439598,1.0500712041597393,-0.027320993786985038,-0.022619477172286927,558,559,True,357,61.0,233.0,pct,1.0037381001827224,partial_trailing,0.35545091007233187,4.752806736901484,pct,False,True,9.511010754681806,none,,,,,,,,,,,,12,10,-2
rsi_reversion,5.394403747224663,0.19832479605432587,0.14164777193306222,3.537442624240905,3.2324163708892124,0.07149113291148967,50.473477335195795,40.90507964235443,51.658105559609936,9.065964113136529,11.108577004136011,0.3844879106069612,0.504734773351958,0.40905079642354436,12,12,True,447,,,rr,,full,,,atr,False,False,,grid,0.5019566305729979,,,35.0,21.76936946289403,84.39203712408185,3.0,0.47183977805878674,2.2131969678463204,23.0,3.2160462393971967,3,1,-2
